Year,Population
2006,"16,33"
2007,"16,36"
2008,"16,41"
2009,"16,49"
2010,"16,57"
2011,"16,66"
2012,"16,73"
2013,"16,78"
2014,"16,83"
2015,"16,90"
2016,"16,98"
2017,"17,08"
2018,"17,18"
2019,"17,28"
2020,"17,41"
2021,"17,48"
2022,"17,59"
2023,"17,81"
