Year,Population,GeothermalHeat (MWh),AmbientAirHeat (MWh),TotalGeothermal&GroundEnergy (MWh),TotalBiomass (MWh),TotalRes(excl.Stat.Transfer) (MWh),TotalRes(incl.Stat.Transfer) (MWh),Totaal windenergie (MWh),TotalSolarEnergy (MWh),Total Including Non-Renewable (MWh),Hydropower (MWh),OnshoreWindEnergy (MWh),OffshoreWindEnergy (MWh),SolarPower (MWh),SolarThermalEnergy (MWh),AvgElectricitySupplyResedential (MWh)_Drenthe (PV),AvgElectricitySupplyResedential (MWh)_Flevoland (PV),AvgElectricitySupplyResedential (MWh)_Fryslân (PV),AvgElectricitySupplyResedential (MWh)_Gelderland (PV),AvgElectricitySupplyResedential (MWh)_Groningen (PV),AvgElectricitySupplyResedential (MWh)_Limburg (PV),AvgElectricitySupplyResedential (MWh)_Noord-Brabant (PV),AvgElectricitySupplyResedential (MWh)_Noord-Holland (PV),AvgElectricitySupplyResedential (MWh)_Overijssel (PV),AvgElectricitySupplyResedential (MWh)_The Netherlands,AvgElectricitySupplyResedential (MWh)_Utrecht (PV),AvgElectricitySupplyResedential (MWh)_Zeeland (PV),AvgElectricitySupplyResedential (MWh)_Zuid-Holland (PV),AvgGasConsumptionResedetial_Drenthe (PV),AvgGasConsumptionResedetial_Flevoland (PV),AvgGasConsumptionResedetial_Fryslân (PV),AvgGasConsumptionResedetial_Gelderland (PV),AvgGasConsumptionResedetial_Groningen (PV),AvgGasConsumptionResedetial_Limburg (PV),AvgGasConsumptionResedetial_Noord-Brabant (PV),AvgGasConsumptionResedetial_Noord-Holland (PV),AvgGasConsumptionResedetial_Overijssel (PV),AvgGasConsumptionResedetial_The Netherlands,AvgGasConsumptionResedetial_Utrecht (PV),AvgGasConsumptionResedetial_Zeeland (PV),AvgGasConsumptionResedetial_Zuid-Holland (PV),loadConsumption,GDP,PriceComponents,Periods,NG_Household_LessThan_569m3_EuroPerM3,NG_Household_569to5687m3_EuroPerM3,NG_Household_MoreThan_5687m3_EuroPerM3,NG_NonHousehold_LessThan_28433m3_EuroPerM3,NG_NonHousehold_28433to284333m3_EuroPerM3,NG_NonHousehold_284333to2843332m3_EuroPerM3,NG_NonHousehold_2843332to28433324m3_EuroPerM3,NG_NonHousehold_MoreThan_28433324m3_EuroPerM3,Electricity_Household_LessThan_1MWh_EuroPerKWh,Electricity_Household_1to2.5MWh_EuroPerKWh,Electricity_Household_2.5to5MWh_EuroPerKWh,Electricity_Household_5to15MWh_EuroPerKWh,Electricity_Household_MoreThan_15MWh_EuroPerKWh,Electricity_NonHousehold_LessThan_20MWh_EuroPerKWh,Electricity_NonHousehold_20to500MWh_EuroPerKWh,Electricity_NonHousehold_500to2000MWh_EuroPerKWh,Electricity_NonHousehold_2000to20000MWh_EuroPerKWh,Electricity_NonHousehold_20000to70000MWh_EuroPerKWh,Electricity_NonHousehold_70000to150000MWh_EuroPerKWh,Electricity_NonHousehold_MoreThan_150000MWh_EuroPerKWh,AveragePrice_Electricity_Household,AveragePrice_Electricity_NonHousehold,AveragePrice_NaturalGas_Household,AveragePrice_NaturalGas_NonHousehold
2015,"16,90",1009452.5199999999,560837.82,1689457.9599999997,21863230.459999997,32553593.759999998,32553593.759999998,6916721.999999999,1424178.0599999998,568482047.8199999,98611.9,5881713.72,1035286.0599999999,1108619.98,315835.86,2.8699999999999997,3.0233333333333334,2.5500000000000003,2.953333333333333,2.65,2.99,3.0733333333333337,2.706666666666667,2.9499999999999997,2.86,2.8866666666666667,2.646666666666667,2.77,1443.3333333333333,676.6666666666666,1333.3333333333333,1300.0,1423.3333333333333,1343.3333333333333,1220.0,1130.0,1283.3333333333333,1190.0,1070.0,1216.6666666666667,1076.6666666666667,113238624.0,174803.35,TotalPrice,2015,1.139,0.755,0.673,0.717,0.657,0.43,0.339,0.283,-0.06,0.146,0.192,0.204,0.218,0.217,0.151,0.106,0.098,0.081,0.084,0.079,0.1399999999999999,0.1165714285714285,0.8556666666666667,0.4852
2015,"16,90",1009452.5199999999,560837.82,1689457.9599999997,21863230.459999997,32553593.759999998,32553593.759999998,6916721.999999999,1424178.0599999998,568482047.8199999,98611.9,5881713.72,1035286.0599999999,1108619.98,315835.86,2.8699999999999997,3.0233333333333334,2.5500000000000003,2.953333333333333,2.65,2.99,3.0733333333333337,2.706666666666667,2.9499999999999997,2.86,2.8866666666666667,2.646666666666667,2.77,1443.3333333333333,676.6666666666666,1333.3333333333333,1300.0,1423.3333333333333,1343.3333333333333,1220.0,1130.0,1283.3333333333333,1190.0,1070.0,1216.6666666666667,1076.6666666666667,113238624.0,174803.35,DeliveryPrice,2015,0.816,0.663,0.631,0.646,0.616,0.418,0.326,0.27,-0.354,0.029,0.126,0.174,0.138,0.155,0.115,0.082,0.077,0.062,0.06,0.057,0.0226,0.0868571428571428,0.7033333333333335,0.4551999999999999
2015,"16,90",1009452.5199999999,560837.82,1689457.9599999997,21863230.459999997,32553593.759999998,32553593.759999998,6916721.999999999,1424178.0599999998,568482047.8199999,98611.9,5881713.72,1035286.0599999999,1108619.98,315835.86,2.8699999999999997,3.0233333333333334,2.5500000000000003,2.953333333333333,2.65,2.99,3.0733333333333337,2.706666666666667,2.9499999999999997,2.86,2.8866666666666667,2.646666666666667,2.77,1443.3333333333333,676.6666666666666,1333.3333333333333,1300.0,1423.3333333333333,1343.3333333333333,1220.0,1130.0,1283.3333333333333,1190.0,1070.0,1216.6666666666667,1076.6666666666667,113238624.0,174803.35,NetworkPrice,2015,0.323,0.092,0.042,0.071,0.041,0.012,0.013,0.013,0.294,0.117,0.066,0.03,0.08,0.062,0.036,0.024,0.021,0.019,0.024,0.022,0.1173999999999999,0.0297142857142857,0.1523333333333333,0.03
2016,"16,98",1070841.9,731950.2999999999,1860848.2199999997,20963778.819999997,33938327.059999995,33938327.059999995,8363955.799999999,1920293.14,580918258.42,97500.77999999998,6041159.4399999995,2322796.36,1601957.2599999998,318613.66,2.8033333333333332,2.9033333333333338,2.4633333333333334,2.846666666666667,2.5866666666666664,2.9299999999999997,3.01,2.643333333333333,2.876666666666667,2.793333333333333,2.8433333333333337,2.58,2.7266666666666666,1516.6666666666667,746.6666666666666,1393.3333333333333,1340.0,1490.0,1396.6666666666667,1253.3333333333333,1170.0,1313.3333333333333,1233.3333333333333,1120.0,1236.6666666666667,1106.6666666666667,114530586.0,180082.35,TotalPrice,2016,1.142,0.771,0.696,0.749,0.676,0.407,0.295,0.217,-0.108,0.113,0.16,0.174,0.222,0.184,0.145,0.102,0.093,0.075,0.072,0.07,0.1122,0.1058571428571428,0.8696666666666667,0.4688
2016,"16,98",1070841.9,731950.2999999999,1860848.2199999997,20963778.819999997,33938327.059999995,33938327.059999995,8363955.799999999,1920293.14,580918258.42,97500.77999999998,6041159.4399999995,2322796.36,1601957.2599999998,318613.66,2.8033333333333332,2.9033333333333338,2.4633333333333334,2.846666666666667,2.5866666666666664,2.9299999999999997,3.01,2.643333333333333,2.876666666666667,2.793333333333333,2.8433333333333337,2.58,2.7266666666666666,1516.6666666666667,746.6666666666666,1393.3333333333333,1340.0,1490.0,1396.6666666666667,1253.3333333333333,1170.0,1313.3333333333333,1233.3333333333333,1120.0,1236.6666666666667,1106.6666666666667,114530586.0,180082.35,DeliveryPrice,2016,0.836,0.685,0.657,0.678,0.636,0.394,0.281,0.203,-0.398,-0.003,0.094,0.144,0.141,0.119,0.113,0.079,0.072,0.056,0.054,0.05,-0.0044,0.0775714285714285,0.726,0.4384
2016,"16,98",1070841.9,731950.2999999999,1860848.2199999997,20963778.819999997,33938327.059999995,33938327.059999995,8363955.799999999,1920293.14,580918258.42,97500.77999999998,6041159.4399999995,2322796.36,1601957.2599999998,318613.66,2.8033333333333332,2.9033333333333338,2.4633333333333334,2.846666666666667,2.5866666666666664,2.9299999999999997,3.01,2.643333333333333,2.876666666666667,2.793333333333333,2.8433333333333337,2.58,2.7266666666666666,1516.6666666666667,746.6666666666666,1393.3333333333333,1340.0,1490.0,1396.6666666666667,1253.3333333333333,1170.0,1313.3333333333333,1233.3333333333333,1120.0,1236.6666666666667,1106.6666666666667,114530586.0,180082.35,NetworkPrice,2016,0.306,0.086,0.039,0.071,0.04,0.013,0.014,0.014,0.29,0.116,0.066,0.03,0.081,0.065,0.032,0.023,0.021,0.019,0.018,0.02,0.1166,0.0282857142857142,0.1436666666666666,0.0304
2017,"17,08",1133620.18,980285.6199999999,1979738.0599999998,22786015.619999997,38004470.699999996,38004470.699999996,9641743.799999999,2522242.4,584628288.0999999,94167.41999999998,6266716.8,3375026.9999999995,2204462.0799999996,317780.31999999995,2.7433333333333336,2.8266666666666667,2.4,2.7733333333333334,2.5333333333333337,2.893333333333333,2.97,2.5900000000000003,2.8233333333333337,2.7466666666666666,2.793333333333333,2.5166666666666666,2.69,1443.3333333333333,720.0,1320.0,1296.6666666666667,1406.6666666666667,1343.3333333333333,1206.6666666666667,1116.6666666666667,1276.6666666666667,1183.3333333333333,1066.6666666666667,1170.0,1063.3333333333333,115020284.0,187778.575,TotalPrice,2017,1.2,0.766,0.668,0.739,0.651,0.381,0.286,0.242,-0.118,0.106,0.156,0.172,0.207,0.197,0.14,0.095,0.093,0.069,0.064,0.065,0.1046,0.1032857142857143,0.878,0.4598
2017,"17,08",1133620.18,980285.6199999999,1979738.0599999998,22786015.619999997,38004470.699999996,38004470.699999996,9641743.799999999,2522242.4,584628288.0999999,94167.41999999998,6266716.8,3375026.9999999995,2204462.0799999996,317780.31999999995,2.7433333333333336,2.8266666666666667,2.4,2.7733333333333334,2.5333333333333337,2.893333333333333,2.97,2.5900000000000003,2.8233333333333337,2.7466666666666666,2.793333333333333,2.5166666666666666,2.69,1443.3333333333333,720.0,1320.0,1296.6666666666667,1406.6666666666667,1343.3333333333333,1206.6666666666667,1116.6666666666667,1276.6666666666667,1183.3333333333333,1066.6666666666667,1170.0,1063.3333333333333,115020284.0,187778.575,DeliveryPrice,2017,0.827,0.67,0.623,0.656,0.609,0.366,0.27,0.226,-0.403,-0.007,0.091,0.142,0.138,0.131,0.11,0.073,0.069,0.053,0.049,0.048,-0.0078,0.0761428571428571,0.7066666666666667,0.4254
2017,"17,08",1133620.18,980285.6199999999,1979738.0599999998,22786015.619999997,38004470.699999996,38004470.699999996,9641743.799999999,2522242.4,584628288.0999999,94167.41999999998,6266716.8,3375026.9999999995,2204462.0799999996,317780.31999999995,2.7433333333333336,2.8266666666666667,2.4,2.7733333333333334,2.5333333333333337,2.893333333333333,2.97,2.5900000000000003,2.8233333333333337,2.7466666666666666,2.793333333333333,2.5166666666666666,2.69,1443.3333333333333,720.0,1320.0,1296.6666666666667,1406.6666666666667,1343.3333333333333,1206.6666666666667,1116.6666666666667,1276.6666666666667,1183.3333333333333,1066.6666666666667,1170.0,1063.3333333333333,115020284.0,187778.575,NetworkPrice,2017,0.373,0.096,0.045,0.083,0.042,0.015,0.016,0.016,0.285,0.113,0.065,0.03,0.069,0.066,0.03,0.022,0.024,0.016,0.015,0.017,0.1124,0.0271428571428571,0.1713333333333333,0.0344
2018,"17,18",1217509.74,1296677.0399999998,2253906.92,25712983.479999997,43418125.12,43418125.12,10029524.68,4030587.8,587807202.42,94445.2,6578108.18,3451694.28,3709474.1199999996,321113.68,2.686666666666667,2.736666666666667,2.3366666666666664,2.69,2.476666666666667,2.8366666666666664,2.92,2.5300000000000002,2.763333333333333,2.6833333333333336,2.7266666666666666,2.4633333333333334,2.6366666666666667,1446.6666666666667,723.3333333333334,1343.3333333333333,1290.0,1426.6666666666667,1336.6666666666667,1213.3333333333333,1126.6666666666667,1280.0,1193.3333333333333,1066.6666666666667,1193.3333333333333,1073.3333333333333,116523338.0,196865.025,TotalPrice,2018,1.227,0.808,0.709,0.755,0.67,0.408,0.303,0.297,-0.062,0.117,0.167,0.184,0.222,0.171,0.15,0.101,0.095,0.073,0.07,0.067,0.1256,0.1038571428571428,0.9146666666666668,0.4866
2018,"17,18",1217509.74,1296677.0399999998,2253906.92,25712983.479999997,43418125.12,43418125.12,10029524.68,4030587.8,587807202.42,94445.2,6578108.18,3451694.28,3709474.1199999996,321113.68,2.686666666666667,2.736666666666667,2.3366666666666664,2.69,2.476666666666667,2.8366666666666664,2.92,2.5300000000000002,2.763333333333333,2.6833333333333336,2.7266666666666666,2.4633333333333334,2.6366666666666667,1446.6666666666667,723.3333333333334,1343.3333333333333,1290.0,1426.6666666666667,1336.6666666666667,1213.3333333333333,1126.6666666666667,1280.0,1193.3333333333333,1066.6666666666667,1193.3333333333333,1073.3333333333333,116523338.0,196865.025,DeliveryPrice,2018,0.876,0.708,0.67,0.667,0.625,0.393,0.289,0.283,-0.38,0.007,0.104,0.155,0.153,0.096,0.122,0.079,0.074,0.058,0.055,0.052,0.0077999999999999,0.0765714285714285,0.7513333333333333,0.4514
2018,"17,18",1217509.74,1296677.0399999998,2253906.92,25712983.479999997,43418125.12,43418125.12,10029524.68,4030587.8,587807202.42,94445.2,6578108.18,3451694.28,3709474.1199999996,321113.68,2.686666666666667,2.736666666666667,2.3366666666666664,2.69,2.476666666666667,2.8366666666666664,2.92,2.5300000000000002,2.763333333333333,2.6833333333333336,2.7266666666666666,2.4633333333333334,2.6366666666666667,1446.6666666666667,723.3333333333334,1343.3333333333333,1290.0,1426.6666666666667,1336.6666666666667,1213.3333333333333,1126.6666666666667,1280.0,1193.3333333333333,1066.6666666666667,1193.3333333333333,1073.3333333333333,116523338.0,196865.025,NetworkPrice,2018,0.352,0.1,0.038,0.088,0.045,0.015,0.014,0.014,0.318,0.11,0.063,0.029,0.069,0.075,0.028,0.022,0.021,0.015,0.015,0.015,0.1177999999999999,0.0272857142857142,0.1633333333333333,0.0352
2019,"17,28",1309732.7,1713069.2599999998,2855300.6199999996,30123852.099999998,51287076.95999999,51287076.95999999,10773419.52,5726990.26,577116839.1199999,92778.51999999999,7428670.539999999,3344748.9799999995,5399209.859999999,327780.39999999997,2.6033333333333335,2.733333333333333,2.3733333333333335,2.6833333333333336,2.376666666666667,2.7466666666666666,2.8266666666666667,2.4933333333333336,2.6799999999999997,2.6266666666666665,2.6333333333333333,2.393333333333333,2.56,1326.6666666666667,670.0,1236.6666666666667,1186.6666666666667,1286.6666666666667,1246.6666666666667,1126.6666666666667,1043.3333333333333,1163.3333333333333,1106.6666666666667,986.6666666666666,1113.3333333333333,996.6666666666666,113924292.5375,207444.7,TotalPrice,2019,1.376,0.922,0.818,0.845,0.725,0.407,0.28,0.234,0.086,0.182,0.205,0.211,0.251,0.207,0.147,0.111,0.104,0.078,0.072,0.072,0.187,0.1129999999999999,1.0386666666666666,0.4981999999999999
2019,"17,28",1309732.7,1713069.2599999998,2855300.6199999996,30123852.099999998,51287076.95999999,51287076.95999999,10773419.52,5726990.26,577116839.1199999,92778.51999999999,7428670.539999999,3344748.9799999995,5399209.859999999,327780.39999999997,2.6033333333333335,2.733333333333333,2.3733333333333335,2.6833333333333336,2.376666666666667,2.7466666666666666,2.8266666666666667,2.4933333333333336,2.6799999999999997,2.6266666666666665,2.6333333333333333,2.393333333333333,2.56,1326.6666666666667,670.0,1236.6666666666667,1186.6666666666667,1286.6666666666667,1246.6666666666667,1126.6666666666667,1043.3333333333333,1163.3333333333333,1106.6666666666667,986.6666666666666,1113.3333333333333,996.6666666666666,113924292.5375,207444.7,DeliveryPrice,2019,1.005,0.815,0.777,0.768,0.683,0.392,0.267,0.222,-0.215,0.065,0.137,0.18,0.181,0.135,0.116,0.088,0.084,0.063,0.06,0.057,0.0696,0.0861428571428571,0.8656666666666667,0.4664
2019,"17,28",1309732.7,1713069.2599999998,2855300.6199999996,30123852.099999998,51287076.95999999,51287076.95999999,10773419.52,5726990.26,577116839.1199999,92778.51999999999,7428670.539999999,3344748.9799999995,5399209.859999999,327780.39999999997,2.6033333333333335,2.733333333333333,2.3733333333333335,2.6833333333333336,2.376666666666667,2.7466666666666666,2.8266666666666667,2.4933333333333336,2.6799999999999997,2.6266666666666665,2.6333333333333333,2.393333333333333,2.56,1326.6666666666667,670.0,1236.6666666666667,1186.6666666666667,1286.6666666666667,1246.6666666666667,1126.6666666666667,1043.3333333333333,1163.3333333333333,1106.6666666666667,986.6666666666666,1113.3333333333333,996.6666666666666,113924292.5375,207444.7,NetworkPrice,2019,0.371,0.107,0.04,0.078,0.042,0.015,0.013,0.013,0.301,0.117,0.069,0.031,0.07,0.072,0.031,0.023,0.02,0.015,0.012,0.015,0.1176,0.0268571428571428,0.1726666666666666,0.0322
2020,"17,41",1415844.66,2225573.36,3133913.9599999995,33456934.319999997,61949106.699999996,75599215.89999999,13948722.7,9091461.62,540054320.4,90000.71999999999,8962293.92,4986428.779999999,8764792.34,326669.27999999997,2.64,2.81,2.4633333333333334,2.7566666666666664,2.43,2.7466666666666666,2.84,2.53,2.716666666666667,2.66,2.6566666666666667,2.4166666666666665,2.5933333333333333,1270.0,666.6666666666666,1196.6666666666667,1133.3333333333333,1240.0,1176.6666666666667,1073.3333333333333,993.3333333333334,1123.3333333333333,1056.6666666666667,950.0,1073.3333333333333,956.6666666666666,108137488.18,204174.875,TotalPrice,2020,1.463,0.982,0.868,0.919,0.805,0.386,0.271,0.222,-0.247,0.058,0.142,0.183,0.248,0.235,0.154,0.126,0.119,0.084,0.078,0.072,0.0768,0.1239999999999999,1.1043333333333334,0.5206000000000001
2020,"17,41",1415844.66,2225573.36,3133913.9599999995,33456934.319999997,61949106.699999996,75599215.89999999,13948722.7,9091461.62,540054320.4,90000.71999999999,8962293.92,4986428.779999999,8764792.34,326669.27999999997,2.64,2.81,2.4633333333333334,2.7566666666666664,2.43,2.7466666666666666,2.84,2.53,2.716666666666667,2.66,2.6566666666666667,2.4166666666666665,2.5933333333333333,1270.0,666.6666666666666,1196.6666666666667,1133.3333333333333,1240.0,1176.6666666666667,1073.3333333333333,993.3333333333334,1123.3333333333333,1056.6666666666667,950.0,1073.3333333333333,956.6666666666666,108137488.18,204174.875,DeliveryPrice,2020,1.061,0.867,0.826,0.818,0.763,0.371,0.257,0.208,-0.555,-0.066,0.068,0.15,0.178,0.159,0.121,0.103,0.099,0.069,0.064,0.059,-0.0449999999999999,0.0962857142857142,0.918,0.4834
2020,"17,41",1415844.66,2225573.36,3133913.9599999995,33456934.319999997,61949106.699999996,75599215.89999999,13948722.7,9091461.62,540054320.4,90000.71999999999,8962293.92,4986428.779999999,8764792.34,326669.27999999997,2.64,2.81,2.4633333333333334,2.7566666666666664,2.43,2.7466666666666666,2.84,2.53,2.716666666666667,2.66,2.6566666666666667,2.4166666666666665,2.5933333333333333,1270.0,666.6666666666666,1196.6666666666667,1133.3333333333333,1240.0,1176.6666666666667,1073.3333333333333,993.3333333333334,1123.3333333333333,1056.6666666666667,950.0,1073.3333333333333,956.6666666666666,108137488.18,204174.875,NetworkPrice,2020,0.403,0.115,0.042,0.101,0.042,0.015,0.014,0.014,0.308,0.124,0.074,0.033,0.071,0.076,0.033,0.023,0.02,0.015,0.013,0.014,0.122,0.0277142857142857,0.1866666666666666,0.0372
2021,"17,48",1533345.5999999999,2918634.4599999995,3290859.6599999997,35205837.199999996,72131410.38,72131410.38,18998485.319999997,11627315.239999998,556765842.9799999,90556.27999999998,10454250.299999999,8544235.02,11303979.319999998,323335.92,2.6966666666666668,2.8366666666666664,2.5233333333333334,2.8033333333333332,2.48,2.7900000000000005,2.8833333333333333,2.5866666666666664,2.7833333333333337,2.716666666666667,2.733333333333333,2.5533333333333332,2.6566666666666667,1420.0,746.6666666666666,1336.6666666666667,1276.6666666666667,1380.0,1330.0,1200.0,1123.3333333333333,1296.6666666666667,1186.6666666666667,1066.6666666666667,1220.0,1076.6666666666667,106376800.7425,222830.59999999998,TotalPrice,2021,1.451,0.99,0.875,0.938,0.848,0.502,0.406,0.437,-0.277,0.046,0.136,0.182,0.261,0.251,0.172,0.143,0.141,0.102,0.088,0.105,0.0696,0.1431428571428571,1.1053333333333333,0.6262000000000001
2021,"17,48",1533345.5999999999,2918634.4599999995,3290859.6599999997,35205837.199999996,72131410.38,72131410.38,18998485.319999997,11627315.239999998,556765842.9799999,90556.27999999998,10454250.299999999,8544235.02,11303979.319999998,323335.92,2.6966666666666668,2.8366666666666664,2.5233333333333334,2.8033333333333332,2.48,2.7900000000000005,2.8833333333333333,2.5866666666666664,2.7833333333333337,2.716666666666667,2.733333333333333,2.5533333333333332,2.6566666666666667,1420.0,746.6666666666666,1336.6666666666667,1276.6666666666667,1380.0,1330.0,1200.0,1123.3333333333333,1296.6666666666667,1186.6666666666667,1066.6666666666667,1220.0,1076.6666666666667,106376800.7425,222830.59999999998,DeliveryPrice,2021,1.065,0.876,0.833,0.835,0.805,0.488,0.392,0.422,-0.594,-0.082,0.06,0.148,0.18,0.158,0.136,0.117,0.119,0.084,0.069,0.085,-0.0575999999999999,0.1097142857142857,0.9246666666666666,0.5884
2021,"17,48",1533345.5999999999,2918634.4599999995,3290859.6599999997,35205837.199999996,72131410.38,72131410.38,18998485.319999997,11627315.239999998,556765842.9799999,90556.27999999998,10454250.299999999,8544235.02,11303979.319999998,323335.92,2.6966666666666668,2.8366666666666664,2.5233333333333334,2.8033333333333332,2.48,2.7900000000000005,2.8833333333333333,2.5866666666666664,2.7833333333333337,2.716666666666667,2.733333333333333,2.5533333333333332,2.6566666666666667,1420.0,746.6666666666666,1336.6666666666667,1276.6666666666667,1380.0,1330.0,1200.0,1123.3333333333333,1296.6666666666667,1186.6666666666667,1066.6666666666667,1220.0,1076.6666666666667,106376800.7425,222830.59999999998,NetworkPrice,2021,0.386,0.114,0.042,0.104,0.043,0.014,0.014,0.015,0.317,0.128,0.076,0.034,0.08,0.093,0.036,0.026,0.022,0.018,0.019,0.02,0.127,0.0334285714285714,0.1806666666666666,0.038
2022,"17,59",1662235.5199999998,3941975.9799999995,3550861.7399999998,30623578.319999997,76588390.47999999,76588390.47999999,21404060.119999997,16981246.959999997,513961611.65999997,86667.35999999999,12956770.319999998,8447289.799999999,16656799.919999998,324447.04,2.57,2.6933333333333334,2.39,2.6566666666666667,2.353333333333333,2.66,2.72,2.4233333333333333,2.64,2.56,2.56,2.4266666666666663,2.5,1120.0,590.0,1046.6666666666667,1010.0,1080.0,1046.6666666666667,940.0,876.6666666666666,1023.3333333333334,930.0,833.3333333333334,966.6666666666666,836.6666666666666,100377036.0075,248426.55,TotalPrice,2022,1.9,1.519,1.353,1.414,1.084,0.828,0.775,1.063,-0.585,-0.058,0.105,0.197,0.311,0.278,0.235,0.201,0.219,0.183,0.171,0.189,-0.006,0.2108571428571428,1.5906666666666665,1.0328
2022,"17,59",1662235.5199999998,3941975.9799999995,3550861.7399999998,30623578.319999997,76588390.47999999,76588390.47999999,21404060.119999997,16981246.959999997,513961611.65999997,86667.35999999999,12956770.319999998,8447289.799999999,16656799.919999998,324447.04,2.57,2.6933333333333334,2.39,2.6566666666666667,2.353333333333333,2.66,2.72,2.4233333333333333,2.64,2.56,2.56,2.4266666666666663,2.5,1120.0,590.0,1046.6666666666667,1010.0,1080.0,1046.6666666666667,940.0,876.6666666666666,1023.3333333333334,930.0,833.3333333333334,966.6666666666666,836.6666666666666,100377036.0075,248426.55,DeliveryPrice,2022,1.488,1.408,1.313,1.3,1.041,0.814,0.762,1.041,-0.899,-0.186,0.029,0.164,0.262,0.18,0.198,0.175,0.196,0.163,0.153,0.168,-0.126,0.1761428571428571,1.4029999999999998,0.9916
2022,"17,59",1662235.5199999998,3941975.9799999995,3550861.7399999998,30623578.319999997,76588390.47999999,76588390.47999999,21404060.119999997,16981246.959999997,513961611.65999997,86667.35999999999,12956770.319999998,8447289.799999999,16656799.919999998,324447.04,2.57,2.6933333333333334,2.39,2.6566666666666667,2.353333333333333,2.66,2.72,2.4233333333333333,2.64,2.56,2.56,2.4266666666666663,2.5,1120.0,590.0,1046.6666666666667,1010.0,1080.0,1046.6666666666667,940.0,876.6666666666666,1023.3333333333334,930.0,833.3333333333334,966.6666666666666,836.6666666666666,100377036.0075,248426.55,NetworkPrice,2022,0.411,0.111,0.04,0.114,0.043,0.013,0.013,0.022,0.314,0.128,0.076,0.033,0.049,0.098,0.037,0.027,0.024,0.02,0.018,0.02,0.12,0.0348571428571428,0.1873333333333333,0.041
